domain,pairs,alpha,avg,meanVar
Laptop,621,0.541412797295827,3.50402576489533,0.48268921095008
Restaurant,1014,0.624387740895634,3.67258382642998,0.414497041420118
Total Pairs,1635,,,
